{"classes":[0,1],"importance":{"B1":2.0959019141510566,"B10":0.5001524292961843,"B11":0.7458208381972118,"B12":2.5860509771620497,"B2":2.198060319040035,"B3":4.209762036438683,"B4":1.4807890299164574,"B5":1.4816456331267607,"B6":1.3151481877110087,"B7":3.3030550635692166,"B8":1.96213426551332,"B8A":1.9128844383702799,"B9":1.6341455708925394},"numberOfTrees":10,"outOfBagErrorEstimate":0.08441558441558442,"trees":["n= 154\nnode), split, n, loss, yval, (yprob)\n* denotes terminal node\n1) root 154 39.130 1 (0.15385 0.84615)\n 2) B2<=1459.50 131 15.023 1 (0.067669 0.93233)\n  4) B9<=507.000 129 11.442 1 (0.053435 0.94656)\n   8) B1<=1436.50 8 3.7500 1 (0.40000 0.60000)\n    16) B8<=1683.50 2 0.0000 0 (0.75000 0.25000) *\n    17) B8>1683.50 6 1.6667 1 (0.25000 0.75000)\n     34) B12<=809.000 5 0.0000 1 (0.14286 0.85714) *\n     35) B12>809.000 1 0.0000 0 (0.66667 0.33333) *\n   9) B1>1436.50 121 5.8512 1 (0.032520 0.96748)\n    18) B12<=630.000 2 1.0000 0 (0.50000 0.50000)\n     36) B2<=1308.50 1 0.0000 0 (0.66667 0.33333) *\n     37) B2>1308.50 1 0.0000 1 (0.33333 0.66667) *\n    19) B12>630.000 119 3.9328 1 (0.024793 0.97521)\n     38) B6<=2177.50 57 3.8596 1 (0.050847 0.94915)\n      76) B6<=2173.50 56 1.9643 1 (0.034483 0.96552)\n       152) B11<=1867.50 44 0.0000 1 (0.021739 0.97826) *\n       153) B11>1867.50 12 1.8333 1 (0.14286 0.85714)\n        306) B11<=1877.00 1 0.0000 0 (0.66667 0.33333) *\n        307) B11>1877.00 11 0.0000 1 (0.076923 0.92308) *\n      77) B6>2173.50 1 0.0000 0 (0.66667 0.33333) *\n     39) B6>2177.50 62 0.0000 1 (0.015625 0.98438) *\n  5) B9>507.000 2 0.0000 0 (0.75000 0.25000) *\n 3) B2>1459.50 23 10.435 0 (0.64000 0.36000)\n  6) B6<=1864.00 10 0.0000 0 (0.91667 0.083333) *\n  7) B6>1864.00 13 6.1538 1 (0.40000 0.60000)\n   14) B5<=1993.50 10 3.2000 1 (0.25000 0.75000)\n    28) B11<=2095.00 5 2.4000 1 (0.42857 0.57143)\n     56) B3<=1450.00 3 0.0000 1 (0.20000 0.80000) *\n     57) B3>1450.00 2 0.0000 0 (0.75000 0.25000) *\n    29) B11>2095.00 5 0.0000 1 (0.14286 0.85714) *\n   15) B5>1993.50 3 0.0000 0 (0.80000 0.20000) *\n","n= 154\nnode), split, n, loss, yval, (yprob)\n* denotes terminal node\n1) root 154 39.130 1 (0.15385 0.84615)\n 2) B1<=1674.50 131 13.252 1 (0.060150 0.93985)\n  4) B6<=1609.50 4 1.5000 0 (0.66667 0.33333)\n   8) B4<=1102.50 2 1.0000 0 (0.50000 0.50000)\n    16) B1<=1484.00 1 0.0000 0 (0.66667 0.33333) *\n    17) B1>1484.00 1 0.0000 1 (0.33333 0.66667) *\n   9) B4>1102.50 2 0.0000 0 (0.75000 0.25000) *\n  5) B6>1609.50 127 7.7480 1 (0.038760 0.96124)\n   10) B4<=1358.00 126 5.8571 1 (0.031250 0.96875)\n    20) B9<=511.000 125 3.9360 1 (0.023622 0.97638)\n     40) B2<=1161.50 6 1.6667 1 (0.25000 0.75000)\n      80) B12<=812.500 5 0.0000 1 (0.14286 0.85714) *\n      81) B12>812.500 1 0.0000 0 (0.66667 0.33333) *\n     41) B2>1161.50 119 1.9832 1 (0.016529 0.98347)\n      82) B7<=2621.00 53 1.9623 1 (0.036364 0.96364)\n       164) B8<=2404.50 51 0.0000 1 (0.018868 0.98113) *\n       165) B8>2404.50 2 1.0000 0 (0.50000 0.50000)\n        330) B3<=1172.50 1 0.0000 0 (0.66667 0.33333) *\n        331) B3>1172.50 1 0.0000 1 (0.33333 0.66667) *\n      83) B7>2621.00 66 0.0000 1 (0.014706 0.98529) *\n    21) B9>511.000 1 0.0000 0 (0.66667 0.33333) *\n   11) B4>1358.00 1 0.0000 0 (0.66667 0.33333) *\n 3) B1>1674.50 23 9.7391 0 (0.68000 0.32000)\n  6) B8A<=2829.50 18 3.5556 0 (0.85000 0.15000)\n   12) B9<=297.500 8 3.0000 0 (0.70000 0.30000)\n    24) B8<=1439.00 4 0.0000 0 (0.83333 0.16667) *\n    25) B8>1439.00 4 2.0000 0 (0.50000 0.50000)\n     50) B7<=2290.50 1 0.0000 1 (0.33333 0.66667) *\n     51) B7>2290.50 3 1.3333 0 (0.60000 0.40000)\n      102) B12<=1371.00 1 0.0000 0 (0.66667 0.33333) *\n      103) B12>1371.00 2 1.0000 0 (0.50000 0.50000)\n       206) B7<=2624.00 1 0.0000 1 (0.33333 0.66667) *\n       207) B7>2624.00 1 0.0000 0 (0.66667 0.33333) *\n   13) B9>297.500 10 0.0000 0 (0.91667 0.083333) *\n  7) B8A>2829.50 5 0.0000 1 (0.14286 0.85714) *\n","n= 154\nnode), split, n, loss, yval, (yprob)\n* denotes terminal node\n1) root 154 39.130 1 (0.15385 0.84615)\n 2) B2<=1459.50 127 11.433 1 (0.054264 0.94574)\n  4) B7<=1803.50 3 0.0000 0 (0.80000 0.20000) *\n  5) B7>1803.50 124 5.8548 1 (0.031746 0.96825)\n   10) B3<=934.500 2 0.0000 0 (0.75000 0.25000) *\n   11) B3>934.500 122 1.9836 1 (0.016129 0.98387)\n    22) B8A<=3531.50 108 0.0000 1 (0.0090909 0.99091) *\n    23) B8A>3531.50 14 1.8571 1 (0.12500 0.87500)\n     46) B11<=1784.00 1 0.0000 0 (0.66667 0.33333) *\n     47) B11>1784.00 13 0.0000 1 (0.066667 0.93333) *\n 3) B2>1459.50 27 12.593 0 (0.62069 0.37931)\n  6) B7<=2279.50 18 3.5556 0 (0.85000 0.15000)\n   12) B8A<=2273.50 13 0.0000 0 (0.93333 0.066667) *\n   13) B8A>2273.50 5 2.4000 0 (0.57143 0.42857)\n    26) B4<=1410.50 2 0.0000 1 (0.25000 0.75000) *\n    27) B4>1410.50 3 0.0000 0 (0.80000 0.20000) *\n  7) B7>2279.50 9 1.7778 1 (0.18182 0.81818)\n   14) B4<=2007.00 8 0.0000 1 (0.10000 0.90000) *\n   15) B4>2007.00 1 0.0000 0 (0.66667 0.33333) *\n","n= 154\nnode), split, n, loss, yval, (yprob)\n* denotes terminal node\n1) root 154 39.130 1 (0.15385 0.84615)\n 2) B2<=1459.50 126 13.222 1 (0.062500 0.93750)\n  4) B12<=632.000 6 3.0000 0 (0.50000 0.50000)\n   8) B8<=2298.00 3 0.0000 1 (0.20000 0.80000) *\n   9) B8>2298.00 3 0.0000 0 (0.80000 0.20000) *\n  5) B12>632.000 120 7.7333 1 (0.040984 0.95902)\n   10) B12<=1562.50 119 5.8487 1 (0.033058 0.96694)\n    20) B1<=1674.50 115 1.9826 1 (0.017094 0.98291)\n     40) B3<=1059.00 3 1.3333 1 (0.40000 0.60000)\n      80) B3<=1050.50 2 0.0000 1 (0.25000 0.75000) *\n      81) B3>1050.50 1 0.0000 0 (0.66667 0.33333) *\n     41) B3>1059.00 112 0.0000 1 (0.0087719 0.99123) *\n    21) B1>1674.50 4 2.0000 0 (0.50000 0.50000)\n     42) B8A<=2978.00 2 0.0000 0 (0.75000 0.25000) *\n     43) B8A>2978.00 2 0.0000 1 (0.25000 0.75000) *\n   11) B12>1562.50 1 0.0000 0 (0.66667 0.33333) *\n 3) B2>1459.50 28 13.714 0 (0.56667 0.43333)\n  6) B5<=1592.00 23 10.435 0 (0.64000 0.36000)\n   12) B8<=2364.50 18 5.0000 0 (0.80000 0.20000)\n    24) B9<=155.500 1 0.0000 1 (0.33333 0.66667) *\n    25) B9>155.500 17 3.5294 0 (0.84211 0.15789)\n     50) B8A<=2273.50 11 0.0000 0 (0.92308 0.076923) *\n     51) B8A>2273.50 6 2.6667 0 (0.62500 0.37500)\n      102) B5<=1472.50 2 0.0000 1 (0.25000 0.75000) *\n      103) B5>1472.50 4 0.0000 0 (0.83333 0.16667) *\n   13) B8>2364.50 5 0.0000 1 (0.14286 0.85714) *\n  7) B5>1592.00 5 1.6000 1 (0.28571 0.71429)\n   14) B8A<=2538.00 1 0.0000 0 (0.66667 0.33333) *\n   15) B8A>2538.00 4 0.0000 1 (0.16667 0.83333) *\n","n= 154\nnode), split, n, loss, yval, (yprob)\n* denotes terminal node\n1) root 154 39.130 1 (0.15385 0.84615)\n 2) B7<=1948.00 12 1.8333 0 (0.85714 0.14286)\n  4) B7<=1750.50 8 0.0000 0 (0.90000 0.10000) *\n  5) B7>1750.50 4 1.5000 0 (0.66667 0.33333)\n   10) B5<=1219.00 1 0.0000 1 (0.33333 0.66667) *\n   11) B5>1219.00 3 0.0000 0 (0.80000 0.20000) *\n 3) B7>1948.00 142 21.972 1 (0.090278 0.90972)\n  6) B3<=1443.50 131 9.6183 1 (0.045113 0.95489)\n   12) B1<=1444.50 7 3.4286 1 (0.44444 0.55556)\n    24) B7<=2273.00 2 0.0000 1 (0.25000 0.75000) *\n    25) B7>2273.00 5 2.4000 0 (0.57143 0.42857)\n     50) B4<=776.000 3 1.3333 1 (0.40000 0.60000)\n      100) B2<=1063.00 1 0.0000 0 (0.66667 0.33333) *\n      101) B2>1063.00 2 0.0000 1 (0.25000 0.75000) *\n     51) B4>776.000 2 0.0000 0 (0.75000 0.25000) *\n   13) B1>1444.50 124 3.9355 1 (0.023810 0.97619)\n    26) B12<=729.500 6 1.6667 1 (0.25000 0.75000)\n     52) B6<=2447.00 5 0.0000 1 (0.14286 0.85714) *\n     53) B6>2447.00 1 0.0000 0 (0.66667 0.33333) *\n    27) B12>729.500 118 1.9831 1 (0.016667 0.98333)\n     54) B6<=1864.00 5 1.6000 1 (0.28571 0.71429)\n      108) B1<=1703.50 4 0.0000 1 (0.16667 0.83333) *\n      109) B1>1703.50 1 0.0000 0 (0.66667 0.33333) *\n     55) B6>1864.00 113 0.0000 1 (0.0086957 0.99130) *\n  7) B3>1443.50 11 5.0909 0 (0.61538 0.38462)\n   14) B7<=2303.00 6 0.0000 0 (0.87500 0.12500) *\n   15) B7>2303.00 5 1.6000 1 (0.28571 0.71429)\n    30) 